,case_number,year,type,country,area,location,activity,age,species_,date,month,fatal_y/n,sex_m_f
0,2018.06.25,2018,Boating,usa,California,"Oceanside, San Diego County",Paddling,57.0,white shark,25-Jun-2018,Jun,N,F
1,2018.06.03.a,2018,Unprovoked,brazil,Pernambuco,"Piedade Beach, Recife",Swimming,18.0,tiger shark,03-Jun-2018,Jun,Y,M
2,2018.05.26.b,2018,Unprovoked,usa,Florida,"Cocoa Beach, Brevard  County",Walking,15.0,bull shark,26-May-2018,May,N,M
3,2018.05.24,2018,Provoked,australia,Queensland,Cairns Aquarium,Feeding sharks,32.0,grey shark,24-May-2018,May,N,M
4,2018.05.13.a,2018,Invalid,england,Cornwall,Off Land's End,Fishing,21.0,unspecified,13-May-2018,May,N,M
5,2018.04.28.b,2018,Unprovoked,costa rica,Cocos Island,Manuelita,Scuba diving,30.0,tiger shark,28-Apr-2018,Apr,N,M
6,2018.04.25.a,2018,Unprovoked,australia,Western Australia,"Surfers Point, Prevelly",Surfing,60.0,unspecified,25-Apr-2018,Apr,N,M
7,2018.04.23,2018,Unprovoked,maldives,Alifu Alifu Atoll,Madoogali,Fishing,32.0,tiger shark,23-Apr-2018,Apr,N,M
8,2018.04.22,2018,Unprovoked,south africa,Western Cape Province,"Robberg Beach, Plettenberg Bay",Paddle-skiing,33.0,white shark,22-Apr-2018,Apr,N,M
9,2018.04.03,2018,Unprovoked,south africa,Eastern Cape Province,St. Francis Bay,Surfing,19.0,white shark,03-Apr-2018,Apr,N,M
10,2018.03.31,2018,Unprovoked,usa,Hawaii,Kukio Beach,Stand-Up Paddleboarding,25.0,tiger shark,31-Mar-2018,Mar,N,M
11,2018.03.14,2018,Unprovoked,australia,Western Australia,Waterman's Bay,Wading,10.0,unspecified,14-Mar-2018,Mar,N,M
12,2018.03.09.b,2018,Unprovoked,australia,Victoria,Lorne,Swimming,25.0,unspecified,9-Mar-2018,Mar,N,M
13,2018.03.09.a,2018,Unprovoked,australia,Victoria,Winkipop,Surfing,18.0,unspecified,9-Mar-2018,Mar,N,M
14,2018.02.23,2018,Unprovoked,australia,New South Wales,"Little Congwong Beach, La Perouse ",Swimming,55.0,white shark,23-Feb-2018,Feb,N,F
15,2018.02.15,2018,Unprovoked,australia,New South Wales,"Surf Beach, Kiama",Walking,35.0,bull shark,15-Feb-2018,Feb,N,M
16,2018.01.12,2018,Unprovoked,brazil,Fernando de Noronha,Conceicao Beach,Surfing,20.0,unspecified,12-Jan-2018,Jan,N,M
17,2017.12.31,2017,Unprovoked,usa,Hawaii,"Hultin's Beach, Oahu",Surfing,54.0,tiger shark,31-Dec-2017,Dec,N,F
18,2017.11.24,2017,Unprovoked,usa,California,"Stillwater Cove, Monterey County",Spearfishing,25.0,white shark,24-Nov-2017,Nov,N,M
19,2017.11.13,2017,Unprovoked,australia,New South Wales,Avoca Beach,Surfing,25.0,unspecified,13-Nov-2017,Nov,N,M
20,2017.11.04,2017,Unprovoked,cuba,Holquin Province,Guardalavaca Beach,Night bathing,22.0,tiger shark,04-Nov-2017,Nov,Y,M
21,2017.10.28,2017,Unprovoked,australia,New South Wales,Birubi Point,Surfing,31.0,unspecified,28-Oct-2017,Oct,N,M
22,2017.10.22,2017,Unprovoked,australia,South Australia,Normanville,Kayaking / Fishing,15.0,white shark,22-Oct-2017,Oct,N,F
23,2017.10.09,2017,Unprovoked,usa,Hawaii,"Davidsons Beach, Kekaha, Kauai",Surfing,54.0,tiger shark,09-Oct-2017,Oct,N,M
24,2017.10.05,2017,Unprovoked,usa,Hawaii,"Kamaole Beach Park, Maui ",Snorkeling,40.0,unspecified,05-Oct-2017,Oct,N,F
25,2017.09.24.b,2017,Invalid,usa,New York,Rockaway,Surfing,33.0,unspecified,24-Sep-2017,Sep,Unknown,M
26,2017.09.13,2017,Unprovoked,usa,Florida,"Ponce Inlet, Volusia County",Surfing,18.0,unspecified,13-Sep-2017,Sep,N,M
27,2017.09.10.a,2017,Unprovoked,australia,New South Wales,Iluka Beach,Surfing,35.0,white shark,10-Sep-2017,Sep,N,M
28,2017.08.29,2017,Unprovoked,australia,Victoria,Cathedral Rock,Surfing,37.0,white shark,29-Aug-2017,Aug,N,M
29,2017.08.26.b,2017,Invalid,spain,Castellón,Grao de Moncofa,Swimming,11.0,unspecified,26-Aug-2017,Aug,Unknown,F
30,2017.08.23,2017,Unprovoked,usa,Massachusetts,"Marconi Beach, Wellfleet, Barnstable County",SUP,25.0,white shark,23-Aug-2017,Aug,N,M
31,2017.08.10,2017,Unprovoked,usa,South Carolina,"Sea Pines Resort, Hilton Head Island, Beaufort County",Swimming,13.0,unspecified,10-Aug-2017,Aug,N,M
32,2017.08.03,2017,Provoked,usa,Massachusetts,"Menauhant Beach, Falmouth,
Barnstable County",Fishing,34.0,unspecified,03-Aug-2017,Aug,N,M
33,2017.07.29.c,2017,Invalid,usa,South Carolina,"Hilton Head Island, Beaufort County",Swimming,10.0,unspecified,29-Jul-2017,Jul,Unknown,M
34,2017.07.20.b,2017,Boating,usa,California,"Stearns Wharf, Santa Barbara",Kayaking,40.0,white shark,20-Jul-2017,Jul,N,M
35,2017.07.20.a,2017,Unprovoked,usa,California,"Seal Rock, Goleta Beach, Santa Barbara",SUP,50.0,white shark,20-Jul-2017,Jul,N,M
36,2017.07.09,2017,Unprovoked,usa,Florida,"Haulover Beach, Miami-Dade County",Swimming,46.0,bull shark,09-Jul-2017,Jul,N,M
37,2017.07.07,2017,Unprovoked,south africa,Eastern Cape Province,"Nahoon Reef, East London",Surfing,13.0,white shark,07-Jul-2017,Jul,N,F
38,2017.06.11,2017,Unprovoked,australia,Western Australia,"Point Casuarina, Bunbury",Body boarding,48.0,white shark,11-Jun-2017,Jun,N,M
39,2017.06.02,2017,Unprovoked,bahamas,New Providence ,Athol Island,Snorkeling,32.0,tiger shark,02-Jun-2017,Jun,N,F
40,2017.05.03,2017,Invalid,usa,California,"Sunset Beach, Orange County",Surfing,18.0,unspecified,03-May-2017,May,Unknown,F
41,2017.04.17.a,2017,Unprovoked,australia,Western Australia,Kelpies near Wylie Bay,Surfing,17.0,white shark,17-Apr-2017,Apr,Y,F
42,2017.04.14,2017,Unprovoked,usa,Hawaii,"Kekaha Beach, Kauai",Surfing,28.0,tiger shark,14-Apr-2017,Apr,N,M
43,2017.04.02.a,2017,Unprovoked,usa,Florida,"Destin, Okaloosa County",Swimming,17.0,bull shark,02-Apr-2017,Apr,N,F
44,2017.01.21,2017,Unprovoked,australia,Queensland,"Boot Reef, Torres Strait",Scuba Diving,55.0,bull shark,21-Jan-2017,Jan,N,M
45,2017.01.09,2017,Unprovoked,indonesia,Bali,Balian Beach,Surfing,48.0,bull shark,09-Jan-2017,Jan,N,M
46,2017.01.03,2017,Invalid,australia,New South Wales,Merimbula,Wading,20.0,unspecified,03-Jan-2017,Jan,Unknown,M
47,2016.12.19,2016,Unprovoked,south africa,Western Cape Province,"Keurbooms Lagoon, Plettenberg Bay",Surf skiing ,55.0,white shark,19-Dec-2016,Dec,N,M
48,2016.12.11.a,2016,Invalid,usa,Florida,"New Smyrna Beach, Volusia County",Surfing,19.0,unspecified,11-Dec-2016,Dec,Unknown,M
49,2016.12.06,2016,Provoked,australia,New South Wales,Merimbula,Surf fishing,20.0,unspecified,06-Dec-2016,Dec,N,M
50,2016.12.01,2016,Unprovoked,australia,New South Wales,Booti Booti National Park,Surfing,65.0,white shark,01-Dec-2016,Dec,N,M
51,2016.11.28,2016,Provoked,australia,Victoria,Queenscliff,Fishing,25.0,unspecified,28-Nov-2016,Nov,N,M
52,2016.11.14,2016,Unprovoked,usa,Hawaii,"Kamaole Beach Park I, Maui",Floating,58.0,tiger shark,14-Nov-2016,Nov,N,F
53,2016.10.21,2016,Unprovoked,usa,Hawaii,"Hooipa Beach Park, Maui",Surfing,36.0,unspecified,21-Oct-2016,Oct,N,M
54,2016.09.26,2016,Unprovoked,australia,New South Wales,"Lighthouse Beach, Ballina",Surfing,17.0,white shark,26-Sep-2016,Sep,N,M
55,2016.09.11,2016,Unprovoked,usa,Florida,"Ponte Vedra, St. Johns County",Wading,60.0,unspecified,11-Sep-2016,Sep,N,M
56,2016.09.07,2016,Unprovoked,usa,Hawaii,"Makaha, Oahu",Swimming,51.0,tiger shark,07-Sep-2016,Sep,N,F
57,2016.08.29.b,2016,Unprovoked,usa,Florida,"New Smyrna Beach, Volusia County",Surfing,25.0,bull shark,29-Aug-2016,Aug,N,M
58,2016.08.06,2016,Unprovoked,usa,Hawaii,Maui,SUP Foil boarding,21.0,tiger shark,06-Aug-2016,Aug,N,M
59,2016.07.29,2016,Unprovoked,spain,Alicante Province,Arenales del Sol,Swimming,40.0,unspecified,29-Jul-2016,Jul,N,M
60,2016.07.20,2016,Provoked,australia,Queensland,"20 k off The Spit, off the Gold Coast",Fishing,31.0,unspecified,20-Jul-2016,Jul,N,M
61,2016.07.15.b,2016,Unprovoked,usa,California,"Surfside, Orange County",Kite surfing,61.0,white shark,15-Jul-2016,Jul,N,M
62,2016.07.07.b,2016,Provoked,usa,Massachusetts,"Off Gloucester, Essec County",Fishing,59.0,unspecified,07-Jul-2016,Jul,N,M
63,2016.07.04,2016,Provoked,australia,Queensland,Palm Cove ,Fishing,34.0,unspecified,04-Jul-2016,Jul,N,M
64,2016.06.21.b,2016,Unprovoked,usa,South Carolina,"North Myrtle Beach, Horry County",Floating,42.0,unspecified,21-Jun-2016,Jun,N,M
65,2016.06.14,2016,Unprovoked,usa,Texas,"Pirates Beach, Galveston",Floating in tube,6.0,unspecified,14-Jun-2016,Jun,N,F
66,2016.06.11,2016,Unprovoked,usa,North Carolina,"Atlantic Beach, Emerald Isle, Carteret County",Standing,19.0,unspecified,11-Jun-2016,Jun,N,M
67,2016.06.07,2016,Invalid,usa,South Carolina,"Folly Beach, Charleston County",Surfing,27.0,unspecified,07-Jun-2016,Jun,Unknown,M
68,2016.06.05.a,2016,Unprovoked,australia,Western Australia,Mindarie,Diving,60.0,unspecified,05-Jun-2016,Jun,Y,F
69,2016.06.04,2016,Unprovoked,egypt,Suez,Ain Sokhna,Swimming,23.0,unspecified,04-Jun-2016,Jun,N,M
70,2016.05.31,2016,Unprovoked,australia,Western Australia,"Falcon Beach, Mandurah",Surfing,29.0,white shark,31-May-2016,May,Y,M
71,2016.05.29.a,2016,Unprovoked,usa,Florida,"Neptune, Duval County",Swimming,13.0,unspecified,29-May-2016,May,N,M
72,2016.05.21.b,2016,Unprovoked,usa,Florida,"St. Petersburg, Pinellas County",Swimming,22.0,bull shark,21-May-2016,May,N,F
73,2016.05.18,2016,Unprovoked,usa,Florida,"Ponte Vedra, St. Johns County",Swimming,48.0,unspecified,18-May-2016,May,N,M
74,2016.05.15,2016,Provoked,usa,Florida,"Boca Raton, Palm Beach County",Teasing a shark,23.0,unspecified,15-May-2016,May,N,F
75,2016.05.02,2016,Provoked,new zealand,North Island,Cormandel,Fishing,39.0,unspecified,02-May-2016,May,N,M
76,2016.04.25,2016,Unprovoked,indonesia,Bali,Balian,Surfing,24.0,bull shark,25-Apr-2016,Apr,N,M
77,2016.04.19,2016,Unprovoked,australia,New South Wales,"First Sun Beach, Byron Bay",Swimming,12.0,unspecified,19-Apr-2016,Apr,N,M
78,2016.04.18.b,2016,Provoked,french polynesia,Tuamotos,Makemo Atoll,Spearfishing,22.0,grey shark,18-Apr-2016,Apr,Unknown,M
79,2016.04.18.a,2016,Provoked,french polynesia,Tuamotos,Makemo Atoll,Spearfishing,26.0,grey shark,18-Apr-2016,Apr,N,M
80,2016.04.09,2016,Unprovoked,new caledonia,Grand Terre,Poe Beach,Walking,25.0,tiger shark,09-Apr-2016,Apr,Y,F
81,2016.01.23,2016,Unprovoked,usa,Hawaii,"Wailea Beach, Maui",Paddle boarding,48.0,tiger shark,23-Jan-2016,Jan,N,M
82,2016.01.05,2016,Unprovoked,australia,Queensland,Heron Island,Wading,11.0,unspecified,05-Jan-2016,Jan,N,M
83,2016.01.02,2016,Unprovoked,australia,Queensland,Miall Island,Spearfishing,31.0,unspecified,02-Jan-2016,Jan,N,M
84,2015.12.22,2015,Unprovoked,usa,Hawaii,La'aloa Beach Park,Paddle boarding,25.0,unspecified,22-Dec-2015,Dec,N,M
85,2015.12.21.b,2015,Unprovoked,australia,New South Wales,Bondi Beach,Surfing,43.0,unspecified,21-Dec-2015,Dec,N,M
86,2015.11.20,2015,Unprovoked,ecuador,Galapagos Islands,"Punta Vicente Roca, Isabella Island",Snorkeling,55.0,unspecified,20-Nov-2015,Nov,N,M
87,2015.11.10,2015,Unprovoked,australia,New South Wales,East Ballina,Surfing,20.0,bull shark,10-Nov-2015,Nov,N,M
88,2015.12.23,2015,Invalid,usa,Florida,"Paradise Beach, Melbourne, Brevard County",Surfing,9.0,unspecified,07-Nov-2015,Nov,Unknown,F
89,2015.11.01.b,2015,Unprovoked,usa,Florida,"Cocoa Beach, Brevard  County",Wading,28.0,unspecified,01-Nov-2015,Nov,N,F
90,2015.10.25,2015,Unprovoked,south africa,Western Cape Province,Stil Bay,Surfing,42.0,white shark,25-Oct-2015,Oct,N,M
91,2015.10.21,2015,Unprovoked,usa,Florida,"Playalinda Beach, Brevard County",Surfing,21.0,unspecified,21-Oct-2015,Oct,N,M
92,2015.10.19,2015,Unprovoked,usa,Florida,"Deerfield Beach, Broward County",Surfing,21.0,unspecified,19-Oct-2015,Oct,N,M
93,2015.10.17.b,2015,Invalid,usa,Hawaii,"Waikiki, ",Surfing,32.0,unspecified,17-Oct-2015,Oct,Unknown,M
94,2015.10.17.a,2015,Unprovoked,usa,Hawaii,"Lanikai Beach, Kailua, Oahu",Swimming,44.0,tiger shark,17-Oct-2015,Oct,N,M
95,2015.10.09.a,2015,Unprovoked,usa,Hawaii,"Leftovers, Oahu",Surfing,25.0,tiger shark,09-Oct-2015,Oct,N,M
96,2015.10.05.a,2015,Unprovoked,usa,Texas,Galveston,Wading,13.0,unspecified,05-Oct-2015,Oct,N,M
97,2015.10.04,2015,Unprovoked,usa,Florida,"New Smyrna Beach, Volusia County",Surfing,14.0,unspecified,04-Oct-2015,Oct,N,M
98,2015.09.29,2015,Unprovoked,usa,Florida,"Vilano Beach, St.  Johns County",Surfing,22.0,unspecified,29-Sep-2015,Sep,N,M
99,2015.09.20.d,2015,Unprovoked,usa,Florida,"New Smyrna Beach, Volusia County",Surfing,14.0,unspecified,20-Sep-2015,Sep,N,M
100,2015.09.20.c,2015,Unprovoked,usa,Hawaii,"Upolu Point, North Kohala, Big Island",Spearfishing,27.0,tiger shark,20-Sep-2015,Sep,N,M
101,2015.09.20.b,2015,Unprovoked,usa,Florida,"Fernandina Beach, Amelia Island, Nassau County",Wading,12.0,unspecified,20-Sep-2015,Sep,N,M
102,2015.09.08,2015,Unprovoked,australia,New South Wales,North Shelly Beach,Surfing,42.0,unspecified,08-Sep-2015,Sep,N,M
103,2015.09.06,2015,Unprovoked,usa,California,"El Pescador Beach, Los Angeles County",Stand-Up Paddleboarding,50.0,white shark,06-Sep-2015,Sep,N,F
104,2015.09.05,2015,Provoked,usa,California,"Deer Creek Beach, Ventura County",Kayak Fishing,29.0,unspecified,05-Sep-2015,Sep,N,M
105,2015.09.04,2015,Unprovoked,australia,New South Wales,Hallidays Point,Surf-skiing,62.0,white shark,04-Sep-2015,Sep,N,M
106,2015.09.01,2015,Unprovoked,thailand,Phuket,Karon Beach,Wading,37.0,unspecified,01-Sep-2015,Sep,N,F
107,2015.08.29.b,2015,Unprovoked,usa,California,"Morro Strand State Beach, San Luis Obispo County",Surfing,54.0,white shark,29-Aug-2015,Aug,N,F
108,2015.08.29.a,2015,Unprovoked,usa,California,"Morro Bay, San Luis Obispo County",Surfing,21.0,white shark,29-Aug-2015,Aug,N,M
109,2015.08.20,2015,Unprovoked,usa,South Carolina,"Murrells Inlet, Georgetown County",Surfing,15.0,unspecified,20-Aug-2015,Aug,N,M
110,2015.08.19,2015,Unprovoked,usa,Florida,"Jacksonville Beach, Duval County",Walking,10.0,unspecified,19-Aug-2015,Aug,N,F
111,2015.08.18.b,2015,Boating,usa,California,Santa Barbara County,Kayak Fishing,22.0,white shark,18-Aug-2015,Aug,N,M
112,2015.08.18.a,2015,Invalid,spain,Alicante,"Poniente Beach, Benidorm",Swimming,10.0,unspecified,18-Aug-2015,Aug,Unknown,M
113,2015.08.10,2015,Provoked,usa,California,Cortes Bank,Spearfishing,57.0,unspecified,10-Aug-2015,Aug,N,M
114,2015.07.31,2015,Unprovoked,australia,New South Wales,Evans Head,Surfing,52.0,white shark,31-Jul-2015,Jul,N,M
115,2015.07.26.b,2015,Unprovoked,usa,Florida,"Daytona Beach, Volusia County",Surfing,25.0,unspecified,26-Jul-2015,Jul,N,M
116,2015.07.26.a,2015,Invalid,usa,South Carolina,"Edisto Beach, Colleton County",Floating,35.0,unspecified,26-Jul-2015,Jul,Unknown,F
117,2015.07.25,2015,Unprovoked,australia,Tasmania,"Lachan Island, Mercury Passage",Scallop diving on hookah,46.0,white shark,25-Jul-2015,Jul,Y,M
118,2015.07-10,2015,Unprovoked,usa,California,"Huntington Beach, Orange County",Surfing,38.0,white shark,10-Jul-2015,Jul,N,M
119,2015.07.03,2015,Unprovoked,australia,New South Wales,Lennox Head,Surfing,52.0,white shark,03-Jul-2015,Jul,N,M
120,2015.07.02,2015,Unprovoked,australia,New South Wales,East Ballina,Body boarding ,32.0,white shark,02-Jul-2015,Jul,N,M
121,2015.07.01,2015,Unprovoked,usa,North Carolina,"Ocracoke, Lifeguard Beach, National Park Service, Hyde County",Swimming,25.0,unspecified,01-Jul-2015,Jul,N,M
122,2015.06.30.a,2015,Unprovoked,usa,South Carolina,"Isle of Palms County Park, Isle of Palms, Charleston County",Playing in the water,12.0,unspecified,30-Jun-2015,Jun,N,M
123,2015.06.27.b,2015,Unprovoked,usa,North Carolina,"Rodanthe, Dare County",Swimming,18.0,bull shark,27-Jun-2015,Jun,N,M
124,2015.06.27.a,2015,Unprovoked,south africa,Western Cape Province,Buffels Bay near Knysna,Body Boarding,19.0,white shark,27-Jun-2015,Jun,N,M
125,2015.06.26.b,2015,Unprovoked,south africa,Western Cape Province,"Lookout Beach, Plettenberg Bay",Surfing,23.0,white shark,26-Jun-2015,Jun,N,M
126,2015.06.26.a,2015,Unprovoked,usa,South Carolina,"South Beach, Hunting Island State Park, Beaufort County",Standing,43.0,unspecified,26-Jun-2015,Jun,N,M
127,2015.06.24.b,2015,Unprovoked,usa,North Carolina,Surf City,Swimming,6.0,tiger shark,24-Jun-2015,Jun,N,M
128,2015.06.24.a,2015,Invalid,australia,Western Australia,Denmark,Surfing,37.0,white shark,24-Jun-2015,Jun,N,F
129,2015.06.14.b,2015,Unprovoked,usa,North Carolina,"Oak Island, Brunswick County",Wading,16.0,bull shark,14-Jun-2015,Jun,N,M
130,2015.06.14.a,2015,Unprovoked,usa,North Carolina,"Oak Island, Brunswick County",Wading,12.0,bull shark,14-Jun-2015,Jun,N,F
131,2015.06.11,2015,Unprovoked,usa,North Carolina,"Ocean Isle, Brunswick County",Boogie boarding,13.0,unspecified,11-Jun-2015,Jun,N,F
132,2015.06.07,2015,Unprovoked,usa,Florida,"Lori Wilson Park, Cocoa Beach, Brevard  County",Playing,11.0,bull shark,07-Jun-2015,Jun,N,M
133,2015.06.01,2015,Unprovoked,reunion,Le Port,Folette,Surfing,47.0,bull shark,01-Jun-2015,Jun,N,M
134,2015.05.25,2015,Unprovoked,french polynesia,Rangiroa,Avatoru Pass,Spearfishing,19.0,unspecified,25-May-2015,May,N,M
135,2015.05.20,2015,Unprovoked,usa,Florida,"New Smyrna Beach, Volusia County",Surfing,18.0,unspecified,20-May2015,,N,M
136,2015.05.02,2015,Unprovoked,south africa,Eastern Cape Province,Port St. John's,Diving,29.0,white shark,02-May-2015,May,N,M
137,2015.04.26,2015,Unprovoked,usa,Florida,"Resident's Beach, Marco Island",Wading,63.0,unspecified,26-Apr-2015,Apr,N,M
138,2015.04.25,2015,Unprovoked,australia,South Australia,Fishery Bay,Surfing,26.0,white shark,25-Apr-2015,Apr,N,M
139,2015.04.24.c,2015,Unprovoked,australia,New South Wales,"Belongil Beach, Byron Bay",Surf skiing ,25.0,white shark,24-Jun-2015,Jun,N,M
140,2015.04.12,2015,Unprovoked,reunion,Saint-Gilles-les-Bains,Cap Homard,Surfing,13.0,bull shark,12-Apr-2015,Apr,Y,M
141,2015.04.03,2015,Unprovoked,usa,Florida,"3 miles off Jupiter, Palm Beach County",Spearfishing,25.0,bull shark,03-Apr-2015,Apr,N,M
142,2015.03.31,2015,Invalid,brazil,Pernambuco,"Praia del Chifre, Olinda",Surfing,23.0,unspecified,31-Mar-2015,Mar,Unknown,M
143,2015.03.18,2015,Unprovoked,usa,Hawaii,Hapuna Beach,Standing / Snorkeling,58.0,tiger shark,18-Mar-2015,Mar,N,M
144,2015.03.16,2015,Unprovoked,french polynesia,Bora Bora,Anau,Hand feeding sharks,9.0,unspecified,16-Mar-2015,Mar,N,M
145,2015.02.14,2015,Unprovoked,reunion,dÉtang-Salé,Ravine Mula,Swimming,22.0,tiger shark,14-Feb-2015,Feb,Y,F
146,2015.02.09,2015,Unprovoked,australia,New South Wales,Shelly Beach,Surfing,41.0,unspecified,09-Feb-2015,Feb,Y,M
147,2015.02.08,2015,Unprovoked,australia,New South Wales,"Seven Mile Beach, Byron Bay",Surfing,35.0,unspecified,08-Feb-2015,Feb,N,M
148,2015.01.30,2015,Boating,australia,Queensland,"Nerang River, Surfer's  Paradise",Rowing,57.0,bull shark,30-Jan-2015,Jan,N,M
149,2015.01.27,2015,Provoked,usa,Hawaii,Lahaina,Shark fishing,20.0,unspecified,27-Jan-2015,Jan,N,M
150,2015.01.06,2015,Unprovoked,bahamas,Abaco Islands,"Tahiti Beach, Elbow Cay",Snorkeling,34.0,white shark,06-Jan-2015,Jan,N,F
151,2015.01.03,2015,Unprovoked,south africa,Eastern Cape Province,Chintsa East Beach,Surfing,15.0,unspecified,03-Jan-2015,Jan,N,M
152,2014.12.29.a,2014,Unprovoked,australia,Western Australia,Three Stripes near Cheynes Beach,Spearfishing,17.0,white shark,29-Dec-2014,Dec,Y,M
153,2014.12.28.b,2014,Unprovoked,usa,California,"Montaña de Oro State Park, San Luis Obispo County ",Surfing,50.0,white shark,28-Dec-2014,Dec,N,M
154,2014.12.28.a,2014,Provoked,australia,Victoria,Paradise Beach,Fishing,40.0,unspecified,28-Dec-2014,Dec,N,M
155,2014.12.15,2014,Unprovoked,australia,Queensland,Rudder Reef,Spearfishing,17.0,tiger shark,15-Dec-2014,Dec,Y,M
156,2014.11.16,2014,Unprovoked,usa,Florida,"Indian Harbor Beach, Brevard County",Surfing,44.0,unspecified,16-Nov-2014,Nov,N,M
157,2014.11.13,2014,Unprovoked,usa,Hawaii,"Airplane Beach, Lahina, West Maui",Snorkeling,53.0,unspecified,13-Nov-2014,Nov,N,M
158,2014.10.31,2014,Unprovoked,usa,Hawaii,"North Kohala, Hawaii County",Surfing,34.0,tiger shark,31-Oct-2014,Oct,N,F
159,2014.10.17,2014,Unprovoked,australia,New South Wales,Avoca Beach,Surfing,13.0,unspecified,17-Oct-2014,Oct,N,F
160,2014.10.05.b,2014,Unprovoked,usa,Florida,"New Smyrna Beach, Volusia County",Surfing,29.0,unspecified,05-Oct-2014,Oct,N,M
161,2014.10.05.a,2014,Unprovoked,usa,Florida,"New Smyrna Beach, Volusia County",Surfing,15.0,unspecified,05-Oct-2014,Oct,N,M
162,2014.10.02.b,2014,Unprovoked,usa,California,"Walls Beach, Vandenberg AFB, Santa Barbara County",Surfing,28.0,unspecified,02-Oct-2014,Oct,N,M
163,2014.10.02.a,2014,Unprovoked,australia,Western Australia,"Kelpids Beach, Wylie Bay, Esperance",Surfing,23.0,white shark,02-Oct-2014,Oct,N,M
164,2014.09.09,2014,Unprovoked,australia,New South Wales,"Clarkes Beach, Byron Bay",Swimming,50.0,unspecified,09-Sep-2014,Sep,Y,M
165,2014.09.06,2014,Unprovoked,usa,Alabama,"Katrina Cut, Dauphin Island, Mobile County",Fishing ,43.0,bull shark,06-Sep-2014,Sep,N,M
166,2014.09.03,2014,Boating,usa,Massachusetts,"Manomet Point, Plymouth, Plymouth County",Kayaking ,20.0,white shark,03-Sep-2014,Sep,N,F
167,2014.09.02,2014,Provoked,usa,Florida,"Fletcher Beach, Hutchinson Island, Martin County",Fishing,52.0,unspecified,02-Sep-2014,Sep,N,M
168,2014.08.31,2014,Unprovoked,usa,Florida,"New Smyrna Beach, Volusia County",Body surfing,13.0,unspecified,31-Aug-2014,Aug,N,F
169,2014.08.08,2014,Unprovoked,usa,Louisiana,"Lake Ponchartain off Southshore Harbor, New Orleans",Swimming,7.0,bull shark,08-Aug-2014,Aug,N,M
170,2014.08.06,2014,Unprovoked,usa,South Carolina,"Folly Beach, Charleston County",Boogie boarding,10.0,unspecified,06-Aug-2014,Aug,N,M
171,2014.08.01,2014,Unprovoked,south africa,Western Cape Province,Muizenberg,Surfing,20.0,white shark,01-Aug-2014,Aug,N,M
172,2014.07.16,2014,Unprovoked,usa,Hawaii,"Paia Bay, Maui",Swimming,61.0,unspecified,16-Jul-2014,Jul,N,M
173,2014.07.14,2014,Unprovoked,usa,Florida,Okaloosa Island,Swimming,39.0,unspecified,14-Jul-2014,Jul,N,M
174,2014.07.13,2014,Invalid,bahamas,West End,Tiger Beach,Shark diving,63.0,unspecified,13-Jul-2014,Jul,Unknown,M
175,2014.07.03,2014,Unprovoked,usa,South Carolina,"Isle of Palms, Charleston County",Body surfing,19.0,unspecified,3-Jul-2014,Jul,N,M
176,2014.06.09.b,2014,Unprovoked,usa,Delaware,"Cape Henlopen State Park, Sussex County",Standing,16.0,unspecified,09-Jun-2014,Jun,N,M
177,2014.06.09.a,2014,Unprovoked,australia,South Australia,"Parsons Beach,  Fleurieu Peninsula",Body boarding,39.0,unspecified,09-Jun-2014,Jun,N,M
178,2014.06.01.c,2014,Unprovoked,usa,Florida,Fort Lauderdale,Swimming,22.0,bull shark,01-Jun-2014,Jun,N,F
179,2014.05.14,2014,Unprovoked,australia,South Australia,"Elliston, Eyre Peninsula",Surfing,35.0,white shark,14-May-2014,May,N,M
180,2014.05.06,2014,Unprovoked,usa,South Carolina,"Coligny Beach, Hilton Head, Beaufort County",Swimming,40.0,unspecified,06-May-2014,May,N,F
181,2014.05.01,2014,Unprovoked,usa,Florida,"New Smyrna Beach, Volusia County",Surfing,23.0,unspecified,01-May-2014,May,N,M
182,2014.04.03,2014,Unprovoked,australia,New South Wales,Tathra,Swimming,63.0,white shark,03-Apr-2014,Apr,Y,F
183,2014.03.29,2014,Invalid,australia,Western Australia,Off Dawesville Cut,Diving for lobsters,38.0,unspecified,29-Mar-2014,Mar,Unknown,M
184,2014.03.22.b,2014,Unprovoked,south africa,Eastern Cape Province,"Second Beach, Port St Johns",Swimming,25.0,unspecified,22-Mar-2014,Mar,Y,M
185,2014.02.20,2014,Unprovoked,french polynesia,Society Islands,Huahine,Kitesurfing,21.0,unspecified,20-Feb-2014,Feb,N,M
186,2014.02.07,2014,Unprovoked,new zealand,South Island,Porpoise Bay,Surfing,28.0,unspecified,07-Feb-2014,Feb,N,M
187,2013.12.25,2013,Unprovoked,new caledonia,North Province,"Lindéralique, Hienghène",Snorkeling,37.0,bull shark,25-Dec-2013,Dec,N,M
188,2013.12.16,2013,Unprovoked,south africa,Western Cape Province,Die Platt,Surfing,19.0,white shark,16-Dec-2013,Dec,N,M
189,2013.12.11,2013,Unprovoked,usa,Hawaii,"Ninole Bay, Hawaii County",Boogie boarding,29.0,tiger shark,11-Dec-2013,Dec,N,M
190,2013.12.10,2013,Unprovoked,usa,Florida,"Cocoa Beach, Brevard  County",Surfing,30.0,unspecified,10-Dec-2013,Dec,N,M
191,2013.12.05,2013,Unprovoked,australia,New South Wales,"Shelly Beach, near Port Macquarie",Surfing,26.0,unspecified,05-Dec-2013,Dec,N,M
192,2013.11.30,2013,Unprovoked,australia,New South Wales,"Riecks Point,  Campbells Beach, ",Body boarding,19.0,tiger shark,30-Nov-2013,Nov,Y,M
193,2013.11.23.a,2013,Unprovoked,australia,Western Australia,Gracetown,Surfing,35.0,white shark,23-Nov-2013,Nov,Y,M
194,2013.11.22,2013,Unprovoked,usa,Oregon,"Gleneden Beach, Lincoln County",Surfing,25.0,white shark,22-Nov-2013,Nov,N,M
195,2013.10.31,2013,Unprovoked,usa,Hawaii,"Kanaha Beach, Maui",Kiteboarding,46.0,tiger shark,31-Oct-2013,Oct,N,M
196,2013.10.28,2013,Unprovoked,australia,Western Australia,Turquoise Bay,Snorkeling,60.0,unspecified,28-Oct-2013,Oct,N,F
197,2013.10.26.b,2013,Unprovoked,reunion,dÉtang-Salé,Ravine Mula,Body boarding,24.0,bull shark,26-Oct-2013,Oct,N,M
198,2013.10.24,2013,Unprovoked,australia,New South Wales,South Narrabeen Beach,Surfing,41.0,unspecified,24-Oct-2013,Oct,N,M
199,2013.10.23,2013,Unprovoked,usa,Hawaii,"Waiehu, Maui",Diving ,45.0,white shark,23-Oct-2013,Oct,N,M
200,2013.10.20,2013,Unprovoked,usa,Hawaii,"Pila'a Beach, Kaua'i",Surfing,25.0,tiger shark,20-Oct-2013,Oct,N,M
201,2013.10.19,2013,Unprovoked,usa,Florida,Miami Beach,Wading,6.0,unspecified,19-Oct-2013,Oct,N,M
202,2013.10.11,2013,Unprovoked,south africa,Eastern Cape Province,"Albatros Point, near Jeffrey's Bay",Swimming / snorkeling,25.0,white shark,11-Oct-2013,Oct,Y,M
203,2013.10.08,2013,Unprovoked,australia,Western Australia,"Off Poison Creek, Cape Arid",Diving for Abalone,55.0,white shark,08-Oct-2013,Oct,N,M
204,2013.10.05,2013,Unprovoked,usa,California,"Bunkers, Humboldt Bay, Eureka, Humboldt County",Surfing,45.0,white shark,06-Oct-2013,Oct,N,M
205,2013.09.14,2013,Unprovoked,usa,Florida,"Casino Beach, Pensacola, Escambia County",Swimming,21.0,bull shark, 14-Sep-2013,Sep,N,M
206,2013.09.12,2013,Unprovoked,usa,Florida,"New Smyrna Beach,  Volusia County",Surfing,13.0,unspecified, 12-Sep-2013,Sep,N,F
207,2013.09.07.b,2013,Provoked,usa,Florida,"New Smyrna Beach,  Volusia County",Surfing,43.0,unspecified, 07-Sep-2013,Sep,N,M
208,2013.09.07.a,2013,Unprovoked,usa,Florida,"New Smyrna Beach,  Volusia County",Standing,25.0,unspecified, 07-Sep-2013,Sep,N,M
209,2013.09.01.a,2013,Unprovoked,usa,Florida,"St Augustine Beach, St Johns County",Casting a net,9.0,unspecified, 01-Sep-2013,Sep,N,M
210,2013.08.14,2013,Unprovoked,usa,Hawaii,"Makenat, Maui",Snorkeling,20.0,tiger shark, 14-Aug-2013,Aug,Y,F
211,2013.08.11,2013,Unprovoked,usa,South Carolina,Folly Beach,Surfing,10.0,bull shark,11-Aug-2013,Aug,N,M
212,2013.08.05,2013,Unprovoked,usa,Florida,"Sanibel Island, Lee County",Fishing,17.0,bull shark, 05-Aug-2013,Aug,N,M
213,2013.07.29.c,2013,Unprovoked,bahamas,Abaco Islands,Scotland Cay,Spearfishing,40.0,unspecified,28-Jul-2013,Jul,N,M
214,2013.07.29.a,2013,Unprovoked,usa,Hawaii,"White Plains Beach, Oahu",Surfing,18.0,tiger shark,  29-Jul-2013,Jul,N,M
215,2013.07.28.b,2013,Unprovoked,bahamas,Exuma Islands,Compass Cay,Cleaning fish,64.0,unspecified,28-Jul-2013,Jul,N,M
216,2013.06.25.a,2013,Unprovoked,usa,South Carolina,"Kiawah Island, Charleston County",Swimming,14.0,unspecified,25-Jun-2013,Jun,N,M
217,2013.06.18,2013,Unprovoked,usa,Hawaii,Kona Coast State Park,Swimming,28.0,tiger shark,18-Jun-2013,Jun,N,M
218,2013.06.14.R,2013,Unprovoked,usa,South Carolina,"Myrtle Beach, Horry County",Boogie Boarding,10.0,unspecified,Reported 14-Jun-2013,Jun,N,F
219,2013.05.14,2013,Unprovoked,ecuador,Santa Cruz Island,"Playa Brava, Turtle Bay",Surfing,29.0,unspecified,14-May-2014,May,N,M
220,2013.05.08.a,2013,Unprovoked,reunion,Saint-Gilles,Brisant Beach,Body boarding,36.0,bull shark,08-May-2013,May,Y,M
221,2013.05.04.a,2013,Unprovoked,usa,Florida,"Melbourne Beach, Brevard County",Surfing,16.0,unspecified,04-May-2013,May,N,M
222,2013.04.24,2013,Unprovoked,mexico,Quintana Roo,"Seagull Beach, Cancun",Swimming,34.0,tiger shark,24-Apr-2013,Apr,N,F
223,2013.04.21,2013,Unprovoked,australia,New South Wales,Crowdy Head,Fishing,51.0,grey shark,21-Apr-2013,Apr,N,M
224,2013.04.17,2013,Unprovoked,usa,Florida,"Near Boynton Beach, Palm Beach County",Playing in the surf,9.0,unspecified,17-Apr-2013,Apr,N,M
225,2013.04.13.b,2013,Unprovoked,usa,Florida,"New Smyrna Beach, Volusia County",Surfing,21.0,bull shark,13-Apr-2013,Apr,N,M
226,2013.04.10,2013,Unprovoked,french polynesia,Tuamotus,"North Pass, Fakarava",Kite boarding,53.0,unspecified,10-Apr-2013,Apr,N,M
227,2013.04.02.a,2013,Unprovoked,usa,Hawaii,Kaanapali Shores,Surfing,58.0,unspecified,02-Apr-2013,Apr,N,M
228,2013.03.16.b,2013,Provoked,south africa,Western Cape Province,De Mond,Fishing - 'tag & release',30.0,unspecified,16-Mar-2013,Mar,N,M
229,2013.03.12,2013,Unprovoked,jamaica,St. Catherine,Pillikin Red Light area ,Spearfishing,25.0,tiger shark,12-Mar-2013,Mar,Y,M
230,2013.03.10.b,2013,Unprovoked,australia,Western Australia,African Reef off Geraldton,Spearfishing,28.0,unspecified,10-Mar-2013,Mar,N,M
231,2013.02.27,2013,Unprovoked,new zealand,North Island,Muriwai,Swimming,46.0,white shark,27-Feb-2013,Feb,Y,M
232,2013.02.10,2013,Unprovoked,usa,Florida,"""Stuart Rocks"", Martin County",Surfing,16.0,unspecified,10-Feb-2013,Feb,N,M
233,2013.02.09,2013,Unprovoked,french polynesia,Society Islands,"Tapu, a dive site on the outer reefs of Bora Bora",Scuba diving,48.0,lemon shark,09-Feb-2013,Feb,N,M
234,2013.01.16,2013,Unprovoked,usa,Hawaii,Kiholo Bay,Surfing,43.0,tiger shark,16-Jan-2013,Jan,N,M
235,2012.12.30,2012,Unprovoked,australia,New South Wales,Between Dee Why and Long Reef,Surfing,23.0,unspecified,30-Dec-2012,Dec,N,M
236,2012.12.28,2012,Unprovoked,australia,New South Wales,"Kylie's Beach, Diamond Head",Paddle boarding,29.0,bull shark,28-Dec-2012,Dec,N,M
237,2012.12.19,2012,Unprovoked,australia,Western Australia,Trigg Beach,Surfing,32.0,tiger shark,19-Dec-2012,Dec,N,M
238,2012.12.05,2012,Unprovoked,usa,Hawaii,Kauai,Surfing,60.0,unspecified,05-Dec-2012,Dec,N,M
239,2012.12.02,2012,Unprovoked,australia,New South Wales,Green Island,Spearfishing,31.0,tiger shark,02-Dec-2012,Dec,N,M
240,2012.11.30,2012,Unprovoked,usa,Hawaii,"Kihei, Maui",Snorkeling,61.0,tiger shark,30-Nov-2012,Nov,N,M
241,2012.11.22,2012,Unprovoked,mexico,Sinaloa,Nuevo Altata,Swimming,32.0,unspecified,22-Nov-2012,Nov,Y,M
242,2012.11.19,2012,Unprovoked,usa,Florida,"Melbourne Beach, Brevard County",Surfing,14.0,unspecified,19-Nov-2012,Nov,N,M
243,2012.11.04.b,2012,Unprovoked,usa,Hawaii,"Makena Landing, Maui",Diving,30.0,tiger shark,04-Nov-2012,Nov,N,M
244,2012.11.04.a,2012,Unprovoked,usa,Hawaii,"Davidson's Surf Break, Kekaha, Kaua'i",Surfing,43.0,tiger shark,04-Nov-2012,Nov,N,M
245,2012.10.30,2012,Unprovoked,usa,California,"Humboldt Bay, Eureka, Humboldt County",Surfing,25.0,white shark,30-Oct-2012,Oct,N,M
246,2012.10.27,2012,Unprovoked,usa,Hawaii,"Makena Landing, Maui",Swimming,51.0,tiger shark,27-Oct-2012,Oct,N,F
247,2012.10.23,2012,Unprovoked,usa,California,"Surf Beach, Lompoc, Santa Barbara County",Surfing,39.0,white shark,23-Oct-2012,Oct,Y,M
248,2012.10.18.a,2012,Unprovoked,usa,Hawaii,"Kanaha Beach, Maui",Paddle boarding,55.0,unspecified,18-Oct-2012,Oct,N,M
249,2012.10.02,2012,Unprovoked,australia,Western Australia,"Mullaloo Beach, Perth",Bodyboarding,11.0,unspecified,02-Oct-2012,Oct,N,M
250,2012.09.25,2012,Unprovoked,usa,Florida,"Melbourne Beach, Brevard County",Surfing,21.0,unspecified,25-Sep-2012,Sep,N,M
251,2012.09.24,2012,Unprovoked,usa,Florida,"Spanish House Beach, Brevard County",Surfing,22.0,unspecified,24-Sep-2012,Sep,N,M
252,2012.09.02.b,2012,Unprovoked,usa,Florida,"New Smyrna Beach, Volusia County",Boogie boarding,8.0,unspecified,02-Sep-2012,Sep,N,F
253,2012.09.02.a,2012,Unprovoked,usa,Florida,"New Smyrna Beach, Volusia County",Swimming or boogie boarding,56.0,unspecified,02-Sep-2012,Sep,N,F
254,2012.08.09,2012,Unprovoked,usa,Florida,Key Largo,Free diving ,56.0,lemon shark,08-Aug-2012,Aug,N,M
255,2012.07.31.a,2012,Unprovoked,australia,South Australia,Streaky Bay,Surfing,48.0,white shark,31-Jul-2012,Jul,N,M
256,2012.07.30.a,2012,Unprovoked,usa,Massachusetts,"Ballston Beach, Truro, Cape Cod",Body surfing,50.0,white shark,30-Jul-2012,Jul,N,M
257,2012.07.14,2012,Unprovoked,australia,Western Australia,Off Wedge Island,Surfing,24.0,white shark,14-Jul-2012,Jul,Y,M
258,2012.07.07.a,2012,Boating,usa,California,"Pleasure Point, Santa Cruz County",Kayaking,52.0,unspecified,07-Jul-2012,Jul,N,M
259,2012.07.06,2012,Unprovoked,south africa,Western Cape Province,"Sandstrand, Jongensfontein",Surfing,29.0,unspecified,06-Jul-2012,Jul,N,M
260,2012.06.26.c,2012,Unprovoked,usa,Florida,"Juno Beach, Palm Beach County",Swimming,6.0,bull shark,26-Jun-2012,Jun,N,M
261,2012.06.26.a,2012,Unprovoked,usa,Hawaii,"Kahana Beach, Maui",Sitting in the water,16.0,unspecified,26-Jun-2012,Jun,N,F
262,2012.06.20,2012,Unprovoked,australia,Western Australia,"Mullaloo Beach, Perth",Surf skiing ,62.0,unspecified,20-Jun-2012,Jun,N,M
263,2012.06.15,2012,Provoked,usa,Florida,"Summerland Key, Monroe County",Fishing,23.0,unspecified,15-Jun-2012,Jun,N,M
264,2012.06.14.d,2012,Unprovoked,usa,South Carolina,"Myrtle Beach, Horry County",Swimming,18.0,unspecified,14-Jun-2012,Jun,N,F
265,2012.06.14.a,2012,Unprovoked,usa,South Carolina,"Myrtle Beach, Horry County",Swimming,16.0,unspecified,14-Jun-2012,Jun,N,M
266,2012.06.12,2012,Unprovoked,australia,Victoria,Port Campbell,Surfing,42.0,unspecified,12-Jun-2012,Jun,N,M
267,2012.06.10,2012,Provoked,italy,Sardinia,Muravera,Attempting to rescue an injured & beached shark,57.0,unspecified,10-Jun-2012,Jun,Unknown,M
268,2012.06.03,2012,Unprovoked,australia,New South Wales,"Redhead Beach, Newcastle",Surf skiing ,30.0,white shark,03-Jun-2012,Jun,N,M
269,2012.05.31,2012,Unprovoked,usa,North Carolina,"Avon, Hatteras Island, Outer Banks, Dare County",Wading,33.0,unspecified,31-May-2012,May,N,F
270,2012.05.29,2012,Unprovoked,mexico,Guerrero," Boca de la Leña, La Unión",Free diving / spearfishing,46.0,bull shark,29-May-2012,May,N,M
271,2012.05.23,2012,Unprovoked,usa,Florida,"Jacksonville, Duval County",Surfing,22.0,unspecified,23-May-2012,May,N,M
272,2012.05.12,2012,Boating,usa,California,"Leffingwell Landing, Cambria,  San Luis Obispo County",Kayaking / Fishing,30.0,white shark,12-May-2012,May,N,M
273,2012.05.06,2012,Unprovoked,usa,California,Off Catalina Island,Paddle boarding,15.0,white shark,06-May-2012,May,N,F
274,2012.04.19.b,2012,Unprovoked,usa,Florida,"Indialantic, Brevard County",Surfing,28.0,unspecified,19-Apr-2012,Apr,N,M
275,2012.04.19.a,2012,Unprovoked,south africa,Western Cape Province,Caves near Kogel Bay,Body boarding,20.0,white shark,19-Apr-2012,Apr,Y,M
276,2012.04.03,2012,Unprovoked,usa,Hawaii,"Leftovers near Chun's Reef, Oahu",Surfing,28.0,tiger shark,03-Apr-2012,Apr,N,M
277,2012.03.31,2012,Unprovoked,australia,Western Australia,Stratham Beach,Scuba diving,33.0,white shark,31-Mar-2012,Mar,Y,M
278,2012.03.20,2012,Unprovoked,australia,Queensland,Nobby's Beach,Surfing,20.0,bull shark,20-Mar-2012,Mar,N,M
279,2012.03.15,2012,Unprovoked,usa,Florida,"Jensen Beach, Martin County ",Surfing,61.0,bull shark,15-Mar-2012,Mar,N,M
280,2012.03.14.b,2012,Unprovoked,usa,Florida,"New Smyrna Beach, Volusia County",Surfing,15.0,unspecified,14-Mar-2012,Mar,N,F
281,2012.03.14.a,2012,Unprovoked,usa,Florida,"New Smyrna Beach, Volusia County",Surfing,17.0,unspecified,14-Mar-2012,Mar,N,M
282,2012.03.06.a,2012,Provoked,australia,Victoria,"Shipwreck Cove, Melbourne Aquarium","Diving, feeding sharks",34.0,unspecified,06-Mar-2012,Mar,N,F
283,2012.03.04,2012,Unprovoked,usa,Florida,"Playalinda Beach, Brevard County",Kite Surfing,19.0,unspecified,04-Mar-2012,Mar,N,M
284,2012.01.19,2012,Unprovoked,australia,Western Australia,Coral Bay,Snorkeling,26.0,tiger shark,19-Jan-2012,Jan,N,M
285,2012.01.18.a,2012,Unprovoked,australia,New South Wales,Redhead Beach,Surfing,44.0,white shark,18-Jan-2012,Jan,N,M
286,2012.01.15,2012,Unprovoked,south africa,Eastern Cape Province,"Second Beach, Port St. Johns",Swimming,25.0,bull shark,15-Jan-2012,Jan,Y,M
287,2012.01.03,2012,Unprovoked,australia,New South Wales,North Avoca Beach,Surfing,28.0,unspecified,03-Jan-2012,Jan,N,M
288,2012.01.02,2012,Unprovoked,australia,Queensland,Duranbah,Spearfishing,34.0,tiger shark,02-Jan-2012,Jan,N,M
289,2011.12.11,2011,Unprovoked,australia,New South Wales,Angourie,Surfing,51.0,white shark,11-Dec-2011,Dec,N,M
290,2011.11.28,2011,Unprovoked,australia,Queensland,Peregian,Swimming,10.0,unspecified,28-Nov-2011,Nov,N,M
291,2011.10.22,2011,Unprovoked,australia,Western Australia,Rottnest Island,Diving,32.0,white shark,22-Oct-2011,Oct,Y,M
292,2011.10.19,2011,Unprovoked,australia,Victoria,Elwood Beach,Diving,50.0,unspecified,19-Oct-2011,Oct,N,M
293,2011.09.30,2011,Invalid,usa,Puerto Rico,Hatillo Beach,Surfing,27.0,unspecified,30-Sep-2011,Sep,Unknown,M
294,2011.09.28.a,2011,Unprovoked,south africa,Western Cape Province,Clovely Beach,Swimming,43.0,white shark,28-Sep-2011,Sep,N,M
295,2011.09.24.b,2011,Unprovoked,usa,Florida,"Santa Maria Island, Manatee County",Spearfishing,21.0,bull shark,24-Sep-2011,Sep,N,M
296,2011.09.16,2011,Unprovoked,usa,Florida,New Smyrna Beach,Surfing,25.0,unspecified,16-Sep-2011,Sep,N,M
297,2011.09.11.a,2011,Unprovoked,papua new guinea,Central Province,"Hula, near Port Moresby",Kite Surfing,30.0,tiger shark,11-Sep-2011,Sep,N,M
298,2011.09.04.a,2011,Unprovoked,australia,Western Australia, Bunker Bay,Body boarding,21.0,white shark,04-Sep-2011,Sep,Y,M
299,2011.09.02,2011,Unprovoked,usa,Florida,"New Smyrna Beach, Volusia County",Surfing,19.0,unspecified,02-Sep-2011,Sep,N,M
300,2011.08.31,2011,Unprovoked,usa,Florida,Crescent Beach St. Johns County,Surfing,19.0,unspecified,31-Aug-2011,Aug,N,M
301,2011.08.28.b,2011,Invalid,australia,Queensland,Fantome Island,Swimming,48.0,unspecified,28-Aug-2011,Aug,Unknown,M
302,2011.08.23,2011,Unprovoked,south africa,Western Cape Province,"Lookout Beach, near the Keurbooms river mouth in Plettenberg Bay",Surfing,49.0,white shark,23-Aug-2011,Aug,Y,M
303,2011.08.17.c.,2011,Unprovoked,usa,North Carolina,"Kure Beach, New Hanover County",Wading,20.0,tiger shark,17-Aug-2011,Aug,N,F
304,2011.08.17.a,2011,Unprovoked,russia,"Telyakovsky Bay, Khasan,  Primorsky Krai (Far East)",Vityaz,Swimming,25.0,unspecified,17-Aug-2011,Aug,N,M
305,2011.08.16.c,2011,Unprovoked,french polynesia,Society Islands,"Teahupoo, Tahiti",Surfing,32.0,grey shark,16-Aug-2011,Aug,N,M
306,2011.08.16.a,2011,Unprovoked,seychelles,Praslin,Anse Lazio ,Swimming or Snorkeling,30.0,bull shark,16-Aug-2011,Aug,Y,M
307,2011.07.22,2011,Unprovoked,south africa,Eastern Cape Province,"Cintza Beach, East London",Surfing,29.0,white shark,22-Jul-2011,Jul,N,M
308,2011.06.28,2011,Unprovoked,south africa,KwaZulu-Natal,Aliwal Shoal,Scuba diving,22.0,bull shark,28-Jun-2011,Jun,N,M
309,2011.06.26,2011,Unprovoked,usa,North Carolina,"North Topsail Beach, Onslow County",Playing in the surf,10.0,bull shark,26-Jun-2008,Jun,N,F
310,2011.06.12,2011,Unprovoked,usa,Florida,"Off Jupiter Inlet, Palm Beach County",Scuba diving,28.0,unspecified,12-Jun-2011,Jun,N,M
311,2011.06.06.a,2011,Unprovoked,usa,Florida,"New Smyrna Beach, Volusia County",Wading,19.0,unspecified,06-Jun-2011,Jun,N,M
312,2011.05.21.b,2011,Unprovoked,south africa,KwaZulu-Natal,Levan Point,Spearfishing,28.0,unspecified,21-May-2011,May,Y,M
313,2011.05.21.a,2011,Unprovoked,new caledonia,North Province,Kendec,Kite Boarding,15.0,tiger shark,21-May-2011,May,Y,M
314,2011.04.23,2011,Unprovoked,australia,Western Australia,Red Bluffs,Washing sand off a speared fish,17.0,unspecified,23-Apr-2011,Apr,N,M
315,2011.04.22,2011,Unprovoked,usa,Florida,"New Smyrna Beach, Volusia County",Surfing ,49.0,unspecified,22-Apr-2011,Apr,N,M
316,2011.04.16,2011,Unprovoked,new zealand,South Island,Snapper Point,Surfing,41.0,unspecified,16-Apr-2011,Apr,N,M
317,2011.03.23,2011,Unprovoked,australia,New South Wales,Crowdy Head,Surfing,48.0,bull shark,23-Mar-2011,Mar,N,M
318,2011.03.16,2011,Unprovoked,australia,New South Wales,"Jimmys Beach, Port Stephens",Wakeboarding,24.0,unspecified,16-Mar-2011,Mar,N,F
319,2011.02.28.R,2011,Provoked,australia,Queensland,Between ,Fishing,36.0,bull shark,Reported 28-Feb-2011,Feb,N,M
320,2011.02.23,2011,Unprovoked,new caledonia, Loyalty Islands,"Bay of Bweedro, Ouvéa",Spearfishing,21.0,unspecified,23-Feb-2011,Feb,N,M
321,2011.02.17,2011,Unprovoked,australia,South Australia,Off Perforated Island near Coffin Bay,Diving for abalone,49.0,white shark,17-Feb-2011,Feb,Y,M
322,2011.01.31,2011,Unprovoked,mexico,Quintana Roo,Cancun,Swimming,38.0,unspecified,31-Jan-2011,Jan,N,F
323,2011.01.26,2011,Unprovoked,bahamas,West End,Tiger Beach,Scuba diving,55.0,unspecified,26-Jan-2011,Jan,N,M
324,2011.01.20,2011,Invalid,australia,New South Wales,Cudgen Creek ,Swimming,7.0,unspecified,20-Jan-2011,Jan,Unknown,F
325,2010.12.26,2010,Unprovoked,usa,Hawaii," Kahului, Maui",Body boarding,16.0,unspecified,26-Dec-2010,Dec,N,M
326,2010.12.05,2010,Unprovoked,egypt,South Sinai Peninsula,"Middle Garden, Sharm el-Shiekh",Snorkeling,25.0,white shark,05-Dec-2010,Dec,Y,F
327,2010.12.01.b,2010,Unprovoked,egypt,South Sinai Peninsula,"Ras Nasrani, Sharm el-Sheikh",Snorkeling,54.0,unspecified,01-Dec-2010,Dec,N,M
328,2010.12.01.a,2010,Unprovoked,egypt,South Sinai Peninsula,"Ras Nasrani, Sharm el-Sheikh",Snorkeling,46.0,unspecified,01-Dec-2010,Dec,N,M
329,2010.11.30.b,2010,Unprovoked,egypt,South Sinai Peninsula,"Coral Bay, Sharm el-Sheikh",Snorkeling,25.0,white shark,30-Nov-2010,Nov,N,F
330,2010.11.30.a,2010,Unprovoked,egypt,South Sinai Peninsula,"Coral Bay, Sharm el-Sheikh",Snorkeling,48.0,white shark,30-Nov-2010,Nov,N,F
331,2010.10.30,2010,Unprovoked,australia,Western Australia,Off Garden Island,Snorkeling,20.0,white shark,30-Oct-2010,Oct,N,F
332,2010.10.23.b,2010,Unprovoked,usa,Maine,"Burnt Cove near Eastport, Washington County",Scuba diving,30.0,unspecified,23-Oct-2010,Oct,N,M
333,2010.10.22,2010,Unprovoked,usa,California,"Surf Beach, Vandenberg AFB, Santa Barbara County",Body boarding,19.0,white shark,22-Oct-2010,Oct,Y,M
334,2010.10.09,2010,Unprovoked,australia,New South Wales,Mullaway Headland,Surfing,22.0,bull shark,09-Oct-2010,Oct,N,M
335,2010.09.27,2010,Unprovoked,usa,Oregon,Winchester Bay,Surfing,29.0,white shark,27-Sep-2010,Sep,N,M
336,2010.09.13,2010,Unprovoked,australia,New South Wales,Fraser's Reef,Surfing,15.0,unspecified, 13-Sep-2010,Sep,N,M
337,2010.08.17,2010,Unprovoked,australia,Western Australia,Cowaramup Bay,Surfing,31.0,white shark,17-Aug-2010,Aug,Y,M
338,2010.08.02.a,2010,Unprovoked,usa,Florida,"Micklers Landing, St. Johns County",Standing,37.0,unspecified,02-Aug-2010,Aug,N,F
339,2010.07.19,2010,Unprovoked,usa,South Carolina,Myrtle Beach,Swimming,10.0,unspecified,19-Jul-2010,Jul,N,M
340,2010.07.17.b,2010,Unprovoked,usa,North Carolina,"Wrightsville Beach, New Hanover County",Swimming,13.0,tiger shark,17-Jul-2010,Jul,N,F
341,2010.07.16.b,2010,Provoked,spain,Grand Canary Island,"Sardina del Norte, Gáldar",Swimming,9.0,unspecified,16-Jul-2010,Jul,N,M
342,2010.07.03,2010,Provoked,usa,New York,Off Long Island,Fishing,20.0,unspecified,03-Jul-2010,Jul,N,M
343,2010.07.02.b,2010,Unprovoked,usa,California,"Pismo Beach, San Luis  Obispo County",Surfing,19.0,unspecified,02-Jul-2010,Jul,N,M
344,2010.07.02.a,2010,Unprovoked,usa,California,"Dog Patch, San Onofre",Stand-Up Paddleboarding,48.0,unspecified,02-Jul-2010,Jul,N,M
345,2010.06.15,2010,Unprovoked,vietnam,Binh Dinh Province,Quy Nhon ,Swimming,17.0,unspecified,15-Jun-2010,Jun,N,M
346,2010.06.10,2010,Unprovoked,usa,Florida,Jacksonville,Boogie Boarding,18.0,unspecified,10-Jun-2010,Jun,N,F
347,2010.05.30,2010,Provoked,usa,Florida,Off Tarpon Springs,Fishing,49.0,lemon shark,30-May-2010,May,N,M
348,2010.05.18.c,2010,Unprovoked,vietnam,Binh Dinh Province,Quy Nhon ,Rescuing,58.0,unspecified,18-May-2010,May,N,F
349,2010.05.18.b,2010,Unprovoked,vietnam,Binh Dinh Province,Quy Nhon ,Swimming,60.0,unspecified,18-May-2010,May,N,F
350,2010.05.01,2010,Unprovoked,usa,Florida,New Smyrna Beach,Wading,10.0,unspecified,01-May-2010,May,N,F
351,2010.04.28,2010,Provoked,usa,Florida,Hanalei Bay,Measuring sharks,29.0,lemon shark,28-Apr-2010,Apr,N,M
352,2010.04.19,2010,Unprovoked,usa,Hawaii,"Hanalei Bay, Kauai",Surfing,25.0,unspecified,19-Apr-2010,Apr,N,M
353,2010.04.13,2010,Unprovoked,south africa,Eastern Cape Province,"East Beach, Port Alfred",Surfing,35.0,unspecified,13-Apr-2010,Apr,N,M
354,2010.04.04,2010,Unprovoked,egypt,Sinai Peninsula,Sharm el-Sheikh ,Swimming / treading water,24.0,white shark,04-Apr-2010,Apr,N,M
355,2010.03.27,2010,Unprovoked,reunion,Saint-Benoit,Bittern,Surfing,34.0,unspecified, 27-Mar-2010,Mar,N,M
356,2010.02.13,2010,Unprovoked,australia,Queensland,"Dent Island, Whitsundays",Snorkeling,60.0,unspecified,13-Feb-2010,Feb,N,F
357,2010.02.11,2010,Unprovoked,australia,New South Wales,"Mona Vale Beach, Sydney",Surfing,46.0,unspecified,11-Feb-2010,Feb,N,M
358,2010.02.06.b,2010,Unprovoked,australia,New South Wales,Turners' Beach,Body boarding,18.0,white shark,06-Feb-2010,Feb,N,M
359,2010.02.04,2010,Invalid,guam,Merizo,Achang Reef,Spearfishing (free diving),31.0,unspecified,04-Feb-2010,Feb,Unknown,M
360,2010.02.01,2010,Provoked,new zealand,South Island,Oreti Beach,Boogie Boarding,14.0,unspecified,01-Feb-2010,Feb,N,F
361,2010.01.12,2010,Unprovoked,south africa,Western Province,Fish Hoek,Standing,37.0,white shark,12-Jan-2010,Jan,Y,M
362,2009.12.22,2009,Unprovoked,mozambique,Maputo Province,Ponta do Ouro,Swimming,27.0,unspecified,22-Dec-2009,Dec,N,M
363,2009.12.20.a,2009,Unprovoked,australia,Queensland,Lamont Reef,Spearfishing,18.0,bull shark,20-Dec-2009,Dec,N,M
364,2009.12.06,2009,Provoked,usa,New Jersey,"Adventure Aquarium, Camden",Diving,58.0,tiger shark,05-Dec-2009,Dec,N,M
365,2009.11.25,2009,Invalid,usa,California,"Huntington Beach, Orange County",Surfing,49.0,unspecified,25-Nov-2009,Nov,Unknown,M
366,2009.11.24,2009,Unprovoked,usa,Florida,"Lori Wilson Park, Cocoa Beach, Brevard County",Wading,10.0,unspecified,24-Nov-2009,Nov,N,M
367,2009.11.16.b,2009,Unprovoked,usa,California,"Loch Lomond, Marin County",Fishing,31.0,unspecified,16-Nov-2009,Nov,N,M
368,2009.11.11,2009,Unprovoked,usa,Florida,"New Smyrna Beach, Volusia County",Surfing,18.0,unspecified,11-Nov-2009,Nov,N,M
369,2009.11.08,2009,Unprovoked,australia,South Australia,Second Valley,Kayaking,25.0,unspecified,08-Nov-2009,Nov,N,M
370,2009.10.30,2009,Boating,australia,Victoria,Portland,Kayaking,27.0,white shark,30-Oct-2009,Oct,N,M
371,2009.10.19,2009,Unprovoked,usa,Hawaii,"Kalama Park, Maui",Surfing,54.0,unspecified,19-Oct-2009,Oct,N,M
372,2009.10.17,2009,Provoked,scotland,Fife,Deep Sea World Aquarium,Diving,23.0,unspecified,17-Oct-2009,Oct,N,M
373,2009.10.02,2009,Provoked,united kingdom,Devon,Mewstone Rock,Fishing,39.0,unspecified,02-Oct-2009,Oct,N,M
374,2009.09.12,2009,Invalid,usa,North Carolina,"Corolla, Currituck County",Swimming,60.0,unspecified,12-Sep-2009,Sep,Y,M
375,2009.08.29,2009,Unprovoked,south africa,Western Cape Province,Glentana,Surfing,25.0,white shark,29-Aug-2009,Aug,Y,M
376,2009.08.25,2009,Unprovoked,usa,California,"Terramar Beach, Carlsbad, San Diego County",Swimming,22.0,white shark,25-Aug-2009,Aug,N,F
377,2009.08.01,2009,Unprovoked,usa,Louisiana,"Curlew Island, Breton Sound",Wade Fishing,56.0,bull shark,01-Aug-2009,Aug,N,M
378,2009.07.04,2009,Provoked,usa,Florida,"Biscayne National Park, Miami",Swimming,43.0,unspecified,04-Jul-2009,Jul,N,F
379,2009.06.27,2009,Unprovoked,australia,New South Wales,"Seven Mile Beach, Gerroa",Surfing,52.0,unspecified,27-Jun-2009,Jun,N,M
380,2009.06.16,2009,Invalid,usa,Florida,"Melbourne Beach, Brevard County",Crawling,14.0,unspecified,16-Jun-2009,Jun,Unknown,M
381,2009.06.01,2009,Unprovoked,egypt,St. Johns Reef,Habili Gafar,Snorkeling,50.0,white shark,01-Jun-2009,Jun,Y,F
382,2009.05.31,2009,Provoked,taiwan,Off Green Island,Onboard the fishing vessel Chin Sheng Fa 13  ,Fishing,46.0,unspecified,31-May-2009,May,N,M
383,2009.05.17,2009,Unprovoked,usa,Florida,"New Smyrna Beach, Volusia County",Surfing,31.0,unspecified,17-May-2009,May,N,M
384,2009.05.16.b,2009,Unprovoked,usa,Florida,"New Smyrna Beach, Volusia County",Surfing,49.0,unspecified,16-May-2009,May,N,M
385,2009.05.16.a,2009,Unprovoked,usa,Florida,"New Smyrna Beach, Volusia County",Surfing,55.0,unspecified,16-May-2009,May,N,M
386,2009.05.12,2009,Provoked,guam,North Region,Ritidian Point,Spearfishing,27.0,unspecified,12-May-2009,May,N,M
387,2009.04.17.,2009,Unprovoked,usa,Florida,"Walton Rocks, St Lucie County",Surfing,31.0,unspecified,17-Apr-2009,Apr,N,M
388,2009.04.12,2009,Unprovoked,australia,New South Wales,Fingal Bay,Surf skiing ,40.0,unspecified,12-Apr-2009,Apr,N,M
389,2009.04.06.b,2009,Invalid,south africa,KwaZulu-Natal,Umtentweni,Swimming,24.0,unspecified,06-Apr-2009,Apr,Unknown,M
390,2009.03.20,2009,Unprovoked,australia,New South Wales,Blue Bay,Surfing,17.0,unspecified,20-Mar-2009,Mar,N,M
391,2009.03.18.a,2009,Unprovoked,usa,Florida,"Ponce Inlet, Volusia County",Surfing,17.0,unspecified,18-Mar-2009,Mar,N,F
392,2009.03.17,2009,Unprovoked,usa,Hawaii,Alenuihaha Channel,Swimming,61.0,unspecified,17-Mar-2009,Mar,N,M
393,2009.03.02,2009,Provoked,south africa,Western Cape Province,Off Cape Point,Fishing,40.0,unspecified,02-Mar-2009,Mar,N,M
394,2009.03.01.a,2009,Unprovoked,australia,New South Wales,Avalon,Surfing,15.0,unspecified,01-Mar-2009,Mar,N,M
395,2009.02.12,2009,Unprovoked,australia,New South Wales,"Bondi Beach, Sydney",Surfing,33.0,white shark,12-Feb-2009,Feb,N,M
396,2009.02.11,2009,Unprovoked,australia,New South Wales,"Garden Point, Woolloomooloo Sydney Harbour","Diving, but on the surface when bitten by the shark",31.0,bull shark,11-Feb-2009,Feb,N,M
397,2009.02.07.b,2009,Unprovoked,australia,New South Wales,Cellito Beach,Surfing,41.0,white shark,07-Feb-2009,Feb,N,M
398,2009.01.25,2009,Unprovoked,cuba,Guantanamo Province,Guantanamo Bay,Spearfishing,15.0,bull shark,25-Jan-2009,Jan,N,M
399,2009.01.24.a,2009,Unprovoked,south africa,Eastern Cape Province,"Second Beach, Port St. John's",Swimming,25.0,tiger shark,24-Jan-2009,Jan,Y,M
400,2009.01.12,2009,Unprovoked,australia,New South Wales,"Windang,       Lake Illawara",Snorkeling,24.0,unspecified,12-Jan-2009,Jan,N,M
401,2009.01.11.b,2009,Unprovoked,australia,Tasmania,Binalong Bay,Surfing,13.0,white shark,11-Jan-2009,Jan,N,F
402,2009.01.11.a,2009,Unprovoked,australia,New South Wales,Fingal Beach,Surfing,31.0,white shark,11-Jan-2009,Jan,N,M
403,2009.01.06,2009,Unprovoked,new zealand,North Island,Haumoana ,Swimming,49.0,unspecified,06-Jan-2009,Jan,N,M
404,2008.12.27.b,2008,Boating,australia,New South Wales,"Long Reef, north of Sydney",Kayaking,29.0,white shark,27-Dec-2008,Dec,N,M
405,2008.12.27.a,2008,Unprovoked,australia,Western Australia,Port Kennedy Beach,Snorkeling,51.0,white shark,27-Dec-2008,Dec,Y,M
406,2008.12.10,2008,Provoked,south africa,Western Cape Province,Plettenberg Bay,Fishing,15.0,unspecified,10-Dec-2008,Dec,N,M
407,2008.10.22,2008,Provoked,australia,New South Wales,"Oceanworld, Manley",Scuba diving,34.0,grey shark,22-Oct-2008,Oct,N,M
408,2008.10.06,2008,Unprovoked,croatia," Split-Dalmatia Count,","Smokvina Bay, Vis Island",Spearfishing,43.0,white shark,06-Oct-2008,Oct,N,M
409,2008.09.28.a,2008,Unprovoked,usa,Florida,Bethune Beach,Surfing,40.0,unspecified,28-Sep-2008,Sep,N,M
410,2008.09.15,2008,Provoked,australia,Northern Territory,Near Croker Island,Swimming,43.0,unspecified,15-Sep-2008,Sep,N,M
411,2008.09.09,2008,Unprovoked,usa,Hawaii,"Ka'a'awa, Oahu",Surfing,40.0,tiger shark,09-Sep-2008,Sep,N,M
412,2008.09.07,2008,Unprovoked,australia,New South Wales,"Clarks Beach, Byron Bay",Surfing,51.0,unspecified,07-Sep-2008,Sep,N,M
413,2008.09.01,2008,Unprovoked,usa,Florida,"New Smyrna Beach, Volusia County",Surfing,52.0,unspecified,01-Sep-2008,Sep,N,M
414,2008.08.30.b,2008,Invalid,usa,Hawaii,"McKenzie Beach Park in Pahoa, Hawai'i ",Swimming,27.0,unspecified,30-Aug-2008,Aug,Unknown,M
415,2008.08.27,2008,Unprovoked,usa,Florida,"New Smyrna Beach, Volusia County",Surfing,26.0,unspecified,27-Aug-2008,Aug,N,M
416,2008.08.22,2008,Invalid,usa,North Carolina,"Surf City, Topsail Island, Pender County",Surfing,20.0,unspecified,24-Aug-2008,Aug,Unknown,F
417,2008.08.16,2008,Unprovoked,usa,US Virgin Islands,Buck Island,Treading water,38.0,bull shark,16-Aug-2008,Aug,N,F
418,2008.07.30.R,2008,Unprovoked,australia,Victoria,Levys Beach,Surfing,31.0,white shark,30-Jul-2008,Jul,N,M
419,2008.07.24.a,2008,Unprovoked,usa,North Carolina,"Topsail Island, Pender County",Wading,8.0,unspecified,24-Jul-2008,Jul,N,F
420,2008.07.19,2008,Unprovoked,usa,Florida,"New Smyrna Beach, Volusia County",Wading,16.0,unspecified,19-Jul-2008,Jul,N,M
421,2008.06.28.c,2008,Invalid,usa,Hawaii,"Kamilo Point, Hawai'i",Wading,53.0,unspecified,28-Jun-2008,Jun,Unknown,M
422,2008.06.28.a,2008,Unprovoked,south africa,Western Cape Province,Mossel Bay,Surf skiing ,46.0,white shark,28-Jun-2008,Jun,N,M
423,2008.06.26.a,2008,Unprovoked,usa,South Carolina,"Isle of Palms, Charleston County",Swimming,37.0,unspecified,26-Jun-2008,Jun,N,M
424,2008.06.21,2008,Boating,usa,California,"West Cove, Catalina Island",Kayaking,40.0,white shark,21-Jun-2008,Jun,N,F
425,2008.06.01.b,2008,Unprovoked,usa,South Carolina,Cherry Grove,Body surfing,15.0,unspecified,01-Jun-2008,Jun,N,F
426,2008.06.01.a,2008,Unprovoked,brazil,Pernambuco,"Piedade, Recife",Swimming,14.0,bull shark,01-Jun-2008,Jun,N,M
427,2008.05.24.a,2008,Unprovoked,mexico,Guerro,Playa Linda,Surfing,49.0,unspecified,24-May-2008,May,N,M
428,2008.05.10,2008,Unprovoked,australia,Western Australia,Albany,Swimming,37.0,white shark,10-May-2008,May,N,M
429,2008.05.07.b,2008,Unprovoked,new caledonia,North Province,Hienghène,Fishing,40.0,bull shark,07-May-2008,May,N,M
430,2008.04.28.b,2008,Unprovoked,mexico,Guerro,Troncones Beach,Surfing,24.0,tiger shark,28-Apr-2008,Apr,Y,M
431,2008.04.28.a,2008,Unprovoked,usa,Florida,"New Smyrna Beach, Volusia County",Surfing,18.0,unspecified,28-Apr-2008,Apr,N,M
432,2008.04.26.b,2008,Unprovoked,new caledonia,North Province,Poindimié,Swimming,32.0,bull shark,26-Apr-2008,Apr,N,M
433,2008.04.25,2008,Unprovoked,usa,California,"Solana Beach, San Diego County",Swimming,25.0,white shark,25-Apr-2008,Apr,Y,M
434,2008.04.18,2008,Invalid,mexico,Quintana Roo,"Delfines Beach, Cancun",Swimming,32.0,unspecified,18-Apr-2008,Apr,Unknown,M
435,2008.04.17,2008,Invalid,australia,Queensland,"Duranbah, Greenmount Beach",Surfing,19.0,unspecified,17-Apr-2008,Apr,Unknown,M
436,2008.04.15,2008,Unprovoked,usa,Florida,"Playalinda Beach, Canaveral National Seashore, Brevard County",Surfing,30.0,unspecified,15-Apr-2008,Apr,N,M
437,2008.04.08,2008,Unprovoked,australia,New South Wales,"Lighthouse Beach, Ballina",Body boarding,16.0,bull shark,08-Apr-2008,Apr,Y,M
438,2008.03.28.b,2008,Unprovoked,usa,Florida,"New Smyrna Beach / Ponce Inlet, Volusia County",Surfing,52.0,unspecified,28-Mar-2008,Mar,N,M
439,2008.03.23,2008,Unprovoked,usa,Florida,"South of Ponce de Leon Jetty, New Smyrna Beach, Volusia County",Walking out of the water after surfing,13.0,unspecified,23-Mar-2008,Mar,N,M
440,2008.03.15,2008,Unprovoked,usa,Florida,"Lovers Key State Park, Bonita Springs, Lee County",Jet skiing,8.0,unspecified,15-Mar-2008,Mar,N,M
441,2008.03.07,2008,Unprovoked,usa,California," Huntington Beach, Orange County",Surfing,27.0,white shark,07-Mar-2008,Mar,N,M
442,2008.02.24,2008,Unprovoked,bahamas,Northern Bahamas,"Dive site known as ""The End of the Map""",Diving,49.0,bull shark,24-Feb-2008,Feb,Y,M
443,2008.01.27,2008,Provoked,australia,Queensland,200 km east of Coolangatta  ,Accidentally stood on hooked shark's tail before attempting to gut it ,20.0,unspecified,27-Jan-2008,Jan,N,M
444,2007.12.18,2007,Unprovoked,australia,New South Wales,Jimmy's Beach,Surfing,31.0,unspecified,18-Dec-2007,Dec,N,M
445,2007.12.14,2007,Invalid,australia,New South Wales,Bondi ,Swimming,34.0,unspecified,14-Dec-2007,Dec,Unknown,M
446,2007.12.10,2007,Unprovoked,usa,Hawaii,"Waialua Bay, O'ahu",Surfing,52.0,tiger shark,10-Dec-2007,Dec,N,M
447,2007.11.07,2007,Unprovoked,south africa,Western Cape Province,The Strand,Surfing,14.0,unspecified,07-Nov-2007,Nov,N,M
448,2007.11.06,2007,Unprovoked,usa,Florida,"New Smyrna Beach, Volusia County",Surfing,21.0,unspecified,06-Nov-2007,Nov,N,M
449,2007.11.04,2007,Unprovoked,usa,Florida,"Round Island Park, Indian River County",Surfing,42.0,unspecified,04-Nov-2007,Nov,N,M
450,2007.11.03,2007,Unprovoked,south africa,Eastern Cape Province,Bonza Bay,Surfing,37.0,white shark,03-Nov-2007,Nov,N,M
451,2007.10.29,2007,Unprovoked,usa,Hawaii,"Wailea, Maui",Floating,32.0,tiger shark,29-Oct-2007,Oct,N,M
452,2007.10.15,2007,Unprovoked,australia,New South Wales,Byron Bay,Surf-skiing,52.0,white shark,15-Oct-2007,Oct,N,F
453,2007.10.13,2007,Unprovoked,australia,Queensland,Holmes Reef,Spearfishing,31.0,unspecified,13-Oct-2007,Oct,N,M
454,2007.10.07,2007,Unprovoked,usa,California,"Venice Pier, Venice, Los Angeles County",Surfing,22.0,unspecified,07-Oct-2007,Oct,N,M
455,2007.10.06,2007,Unprovoked,usa,Florida,"Playalinda Beach, Canaveral National Seashore, Brevard County",Surfing,16.0,unspecified,06-Oct-2007,Oct,N,M
456,2007.09.30.a,2007,Unprovoked,new caledonia,Loyalty Islands,"Bay of Luengoni, Lifou Island",Swimming,23.0,tiger shark,30-Sep-2007,Sep,Y,F
457,2007.09.28,2007,Unprovoked,bahamas,Grand Bahama Island,Sweetings Cay,Spearfishing,48.0,unspecified,28-Sep-2007,Sep,N,F
458,2007.09.27.a,2007,Unprovoked,egypt,Red Sea,Daedalus Reef ,Swimming,19.0,white shark,27-Sep-2007,Sep,N,F
459,2007.09.20,2007,Unprovoked,usa,Florida,"New Smyrna Beach, Volusia County",Surfing,23.0,unspecified,20-Sep-2007,Sep,N,M
